username,name,counter,timestamp
44961843,Adam,292,1449436803
51561968,Skylar,285,1449436803
40280981,Brianna,298,1449436803
68536910,Rachel,364,1449436803
35829872,Alex,224,1449350436
52737434,Amy,249,1449436801
40583561,Matthew,238,1449177607
38615151,Shawn,91,1449177604
107284710,Chaz,111,1446672000
77691504,Lassie,42,1446672037
50816905,Ankur,20,1441052418
75419550,Nicolas,60,1449004836
103093997,Comrade Tory,9,1447449600
129460314,Jared,7,1448140850
70302341,Kevin,50,1449436816
122526873,Robyn,21,1448486419
164584292,James,80,1449436803
75396487,Mark,39,1449091253
1888782,Christian,45,1449177619
137189045,Alex,14,1449350433
169883788,Matthew,30,1449436803
163688528,Patrick,10,1447795202
77980097,Comrade Theresa,20,1449436833
154232992,Taber,14,1449436852
158561669,Albert,8,1448659227
25943642,Nick,30,1449436808
66697050,Michelle,21,1449264000
94257191,Cameron,20,1448832002
135141137,Maggie,7,1448659208
76125353,Emma,8,1448745600
120828468,David,26,1449436803
146189964,Kristen,9,1449350417
50283098,Sriteja,3,1449091225
22889912,Acheev,9,1449436810
78944939,Eric,3,1449177642
54493962,Rikab,3,1449436826
